{
	"info": {
		"_postman_id": "9c195251-4548-4f07-b24b-2cf0e841de78",
		"name": "DynamicMovies",
		"schema": "https://schema.getpostman.com/json/collection/v2.0.0/collection.json"
	},
	"item": [
		{
			"name": "Register_BadRequest",
			"request": {
				"method": "POST",
				"header": [
					{
						"key": "Content-Type",
						"name": "Content-Type",
						"value": "application/json",
						"type": "text"
					}
				],
				"body": {
					"mode": "raw",
					"raw": ""
				},
				"url": "http://localhost:63065/api/User/Register"
			},
			"response": []
		},
		{
			"name": "Register",
			"request": {
				"method": "POST",
				"header": [
					{
						"key": "Content-Type",
						"name": "Content-Type",
						"value": "application/json",
						"type": "text"
					}
				],
				"body": {
					"mode": "raw",
					"raw": "{\r\n  \"FirstName\": \"USER - FIRST NAME\",\r\n  \"LastName\": \"USER - LAST NAME\",\r\n  \"Address\": \"USER - ADDRESS\",\r\n  \"MobileNumber\": \"0123456789\",\r\n  \"Gender\": \"Male\",\r\n  \"LoginUserName\": \"USER_101\",\r\n  \"Password\": \"PASSWORD\",\r\n  \"Roles\": [\"User\"],\r\n  \"Id\": 101,\r\n  \"Active\": true,\r\n  \"CreatedBy\": 1,\r\n  \"CreatedAt\": \"2019-09-10T14:26:49.1619055+05:30\",\r\n  \"Description\": \"USER DESCRIPTION\"\r\n}"
				},
				"url": "http://localhost:63065/api/User/Register"
			},
			"response": []
		},
		{
			"name": "Login_Invalid",
			"request": {
				"method": "POST",
				"header": [
					{
						"key": "Content-Type",
						"name": "Content-Type",
						"value": "application/json",
						"type": "text"
					}
				],
				"body": {
					"mode": "raw",
					"raw": "{\"Username\":\"admin\", \"Password\":\"123456789\"}"
				},
				"url": "http://localhost:63065/api/User/Login"
			},
			"response": []
		},
		{
			"name": "Login",
			"request": {
				"method": "POST",
				"header": [
					{
						"key": "Content-Type",
						"name": "Content-Type",
						"value": "application/json",
						"type": "text"
					}
				],
				"body": {
					"mode": "raw",
					"raw": "{\"Username\":\"admin\", \"Password\":\"admin\"}"
				},
				"url": "http://localhost:63065/api/User/Login"
			},
			"response": []
		},
		{
			"name": "LogOut",
			"request": {
				"method": "POST",
				"header": [
					{
						"key": "Content-Type",
						"name": "Content-Type",
						"type": "text",
						"value": "application/json"
					},
					{
						"key": "Cookie",
						"value": "DynamicMoviesCookie=97955D201D7825F1F2FC77601D1C7EC8E3F69A29C3EEC6412AC67370644D4C5FED21D2DA4B9A50488652A49862B6DDA500249CD7AE6530D99A9C9E5D15DCFF80E3E66C8AB24F3A32E57EBCD99E9CC1C8DA76DE81; domain=localhost; expires=Mon, 09-Sep-2019 10:25:10 GMT; path=/; HttpOnly",
						"type": "text"
					}
				],
				"body": {
					"mode": "raw",
					"raw": "{\"Username\":\"admin\", \"Password\":\"admin\"}"
				},
				"url": "http://localhost:63065/api/User/Logout"
			},
			"response": []
		},
		{
			"name": "Product_GetAllByCategory",
			"protocolProfileBehavior": {
				"disableBodyPruning": true
			},
			"request": {
				"method": "GET",
				"header": [
					{
						"key": "Content-Type",
						"name": "Content-Type",
						"type": "text",
						"value": "application/json"
					},
					{
						"key": "Cookie",
						"type": "text",
						"value": "DynamicMoviesCookie=DF857FFB30B56C5C6C4DD31015FCC866846ED0573B5CA5F23BD5DF5360CA5CA368AC8A7693E573D54A523169F90FFFF8052EF35C3372AF48247456632515AEE5D5DE3051C18768A73E9633039EFEA88DE34250EC; domain=localhost; expires=Tue, 10-Sep-2019 11:45:14 GMT; path=/; HttpOnly"
					}
				],
				"body": {
					"mode": "raw",
					"raw": ""
				},
				"url": {
					"raw": "http://localhost:63065/api/Product/GetAllByCategory?active=true",
					"protocol": "http",
					"host": [
						"localhost"
					],
					"port": "63065",
					"path": [
						"api",
						"Product",
						"GetAllByCategory"
					],
					"query": [
						{
							"key": "active",
							"value": "true"
						}
					]
				}
			},
			"response": []
		},
		{
			"name": "Product_GetAllByCategory_SessionExpired",
			"protocolProfileBehavior": {
				"disableBodyPruning": true
			},
			"request": {
				"method": "GET",
				"header": [
					{
						"key": "Content-Type",
						"name": "Content-Type",
						"type": "text",
						"value": "application/json"
					}
				],
				"body": {
					"mode": "raw",
					"raw": ""
				},
				"url": {
					"raw": "http://localhost:63065/api/Product/GetAllByCategory?active=true",
					"protocol": "http",
					"host": [
						"localhost"
					],
					"port": "63065",
					"path": [
						"api",
						"Product",
						"GetAllByCategory"
					],
					"query": [
						{
							"key": "active",
							"value": "true"
						}
					]
				}
			},
			"response": []
		},
		{
			"name": "Product_UpdateVideoDescription",
			"request": {
				"method": "PUT",
				"header": [
					{
						"key": "Content-Type",
						"name": "Content-Type",
						"type": "text",
						"value": "application/json"
					},
					{
						"key": "Cookie",
						"type": "text",
						"value": "DynamicMoviesCookie=DF857FFB30B56C5C6C4DD31015FCC866846ED0573B5CA5F23BD5DF5360CA5CA368AC8A7693E573D54A523169F90FFFF8052EF35C3372AF48247456632515AEE5D5DE3051C18768A73E9633039EFEA88DE34250EC; domain=localhost; expires=Tue, 10-Sep-2019 11:45:14 GMT; path=/; HttpOnly"
					}
				],
				"body": {
					"mode": "raw",
					"raw": "{\"productId\":1,\"videoDescription\":\"ABC\"}"
				},
				"url": "http://localhost:63065/api/Product/UpdateVideoDescription"
			},
			"response": []
		}
	]
}